movieTitle,movieQualityProfileId
Band of Brothers (2001) (TV miniseries),2160p
The Pacific (2010) (TV miniseries),2160p
101 Dalmatians (1961),1080p
12 Angry Men (1957),1080p
1776 (1972),1080p
"20,000 Leagues Under the Sea (1954)",1080p
2001: A Space Odyssey (1968),1080p
28 Days Later (2002),1080p
3:10 to Yuma (1957),1080p
500 Days of Summer (2009),1080p
8½ (1963),1080p
A Beautiful Mind (2001),1080p
A Bridge Too Far (1977),1080p
A Bronx Tale (1993),1080p
A Bug's Life (1998),1080p
A Charlie Brown Christmas (1965),1080p
A Charlie Brown Thanksgiving (1973),1080p
A Christmas Carol (1938),1080p
A Christmas Carol (1951),1080p
A Christmas Carol (2009),1080p
A Christmas Story (1983),1080p
A Clockwork Orange (1971),1080p
A Fistful of Dollars (1964),1080p
A League of Their Own (1992),1080p
A Little Princess (1995),1080p
A Nightmare on Elm Street (1984),1080p
A River Runs Through It (1992),1080p
A Scanner Darkly (2006),1080p
A Simple Plan (1998),1080p
A Sound of Thunder (2005),1080p
A Star is Born (1954),1080p
A Streetcar Named Desire (1951),1080p
A Time for Miracles (1980),1080p
A Walk to Remember (2002),1080p
A Walton Thanksgiving Reunion (1993),1080p
Addams Family Values (1993),1080p
Air Force One (1997),1080p
Airplane! (1980),1080p
Akira (1988),1080p
Aladdin (1992),1080p
Alexander (2004),1080p
Ali (2001),1080p
Alice in Wonderland (1951),1080p
Alien (1979),1080p
Aliens (1986),1080p
All Quiet on the Western Front (1930),1080p
All That Heaven Allows (1955),1080p
All the President's Men (1976),1080p
Altered States (1980),1080p
Amadeus (1984),1080p
Amélie (2001),1080p
American Beauty (1999),1080p
American Gangster (2007),1080p
American Graffiti (1973),1080p
American History X (1998),1080p
American Psycho (2000),1080p
An American Werewolf in London (1981),1080p
An Old Fashioned Thanksgiving (2008),1080p
Anchorman: The Legend of Ron Burgundy (2004),1080p
Annie Hall (1977),1080p
Another 48 Hrs. (1990),1080p
Anvil! The Story of Anvil (2008),1080p
Any Given Sunday (1999),1080p
Apocalypse Now (1979),1080p
Apocalypto (2006),1080p
Apollo 13 (1995),1080p
Arlington Road (1999),1080p
Armageddon (1998),1080p
Atlantis: The Lost Empire (2001),1080p
Atonement (2007),1080p
Avalon (1990),1080p
Avatar (2009),1080p
Babe (1995),1080p
Babes in Toyland (1934),1080p
Bad Santa (2003),1080p
Bambi (1942),1080p
Barry Lyndon (1975),1080p
Basic Instinct (1992),1080p
Batman & Robin (1997),1080p
Batman (1966),1080p
Batman (1989),1080p
Batman Begins (2005),1080p
Batman Forever (1995),1080p
Batman Returns (1992),1080p
Battlefield Earth (2000),1080p
Beauty and the Beast (1991),1080p
Bedknobs and Broomsticks (1971),1080p
Before Sunrise (1995),1080p
Before Sunset (2004),1080p
Ben-Hur (1959),1080p
Bend It Like Beckham (2002),1080p
Beverly Hills Cop (1984),1080p
Big Fish (2003),1080p
Black Hawk Down (2001),1080p
Blade Runner (1982),1080p
Blazing Saddles (1974),1080p
Blow Out (1981),1080p
Blue Velvet (1986),1080p
Bolt (2008),1080p
Borat (2006),1080p
Born into Brothels: Calcutta's Red Light Kids (2004),1080p
Born on the Fourth of July (1989),1080p
Bowling for Columbine (2002),1080p
Brave New World (1998),1080p
Braveheart (1995),1080p
Breaking Away (1979),1080p
Breathless (1960),1080p
Brick (2005),1080p
Bridge to Terabithia (2007),1080p
Bridget Jones's Diary (2001),1080p
Brokeback Mountain (2005),1080p
Brother Bear (2003),1080p
Brothers Keeper (1992),1080p
Bull Durham (1988),1080p
Butch Cassidy and the Sundance Kid (1969),1080p
Caddyshack (1980),1080p
Candyman (1992),1080p
Cane Toads: An Unnatural History (1988),1080p
Cape Fear (1991),1080p
Capturing the Friedmans (2003),1080p
Carrie (1976),1080p
Cars (2006),1080p
Casablanca (1942),1080p
Casino (1995),1080p
Casino Royale (2006),1080p
Catch Me If You Can (2002),1080p
Catch-22 (1970),1080p
Chariots of Fire (1981),1080p
Chicken Little (2005),1080p
Children of Men (2006),1080p
Chinatown (1974),1080p
Chitty Chitty Bang Bang (1968),1080p
Christmas in Connecticut (1945),1080p
Christmas with the Kranks (2004),1080p
Cinderella (1950),1080p
Cinderella Man (2005),1080p
Citizen Kane (1941),1080p
City of God (2002),1080p
Cliffhanger (1993),1080p
Close Encounters of the Third Kind (1977),1080p
Cloverfield (2008),1080p
Clue (1985),1080p
Clueless (1995),1080p
Coach Carter (2005),1080p
Cold Mountain (2003),1080p
Come and See (1985),1080p
Commando (1985),1080p
Con Air (1997),1080p
Constantine (2005),1080p
Contact (1997),1080p
Contempt (1963),1080p
Cool Runnings (1993),1080p
Coraline (2009),1080p
"Crouching Tiger, Hidden Dragon (2000)",1080p
Crumb (1994),1080p
Cutthroat Island (1995),1080p
Dances with Wolves (1990),1080p
Dark City (1998),1080p
Dark Days (2000),1080p
Das Boot (1981),1080p
Dave (1993),1080p
Dawn of the Dead (1978),1080p
Dead Man (1995),1080p
Dead Poets Society (1989),1080p
Dear Zachary: A Letter to a Son About His Father (2008),1080p
Deck the Halls (2006),1080p
Deep Impact (1998),1080p
Destry Rides Again (1939),1080p
Dial M for Murder (1954),1080p
Die Hard (1988),1080p
Die Hard with a Vengeance (1995),1080p
Dirty Dancing (1987),1080p
District 9 (2009),1080p
Do the Right Thing (1989),1080p
Dodgeball: A True Underdog Story (2004),1080p
Dog Day Afternoon (1975),1080p
Don't Look Now (1973),1080p
Donnie Brasco (1997),1080p
Donnie Darko (2001),1080p
Dr. Strangelove or: How I Learned to Stop Worrying and Love the Bomb (1964),1080p
Dracula (1931),1080p
Drag Me to Hell (2009),1080p
Driving Miss Daisy (1989),1080p
Dumb and Dumber (1994),1080p
Dumbo (1941),1080p
Dune (1984),1080p
Dunkirk (1958),1080p
Dutch (1991),1080p
E.T. the Extra-Terrestrial (1982),1080p
Eagle Eye (2008),1080p
Eastern Promises (2007),1080p
Easy Rider (1969),1080p
Eight Men Out (1988),1080p
Elf (2003),1080p
Elizabeth (1998),1080p
Elizabeth I (2005),1080p
Elizabeth: The Golden Age (2007),1080p
Empire of the Sun (1987),1080p
Encounters at the End of the World (2007),1080p
Enemy at the Gates (2001),1080p
Enter the Dragon (1973),1080p
Equilibrium (2002),1080p
Erin Brockovich (2000),1080p
Escape from New York (1981),1080p
Escape to Witch Mountain (1975),1080p
Eternal Sunshine of the Spotless Mind (2004),1080p
Event Horizon (1997),1080p
Eyes Without a Face (1960),1080p
Face/Off (1997),1080p
Fahrenheit 9/11 (2004),1080p
Fanny and Alexander (1982),1080p
Fantasia (1940),1080p
Fantasia 2000 (2000),1080p
Fantastic Mr. Fox (2009),1080p
Fatal Attraction (1987),1080p
Ferris Bueller's Day Off (1986),1080p
Field of Dreams (1989),1080p
Fight Club (1999),1080p
Final Fantasy: The Spirits Within (2001),1080p
Finding Nemo (2003),1080p
Five Easy Pieces (1970),1080p
Flubber (1997),1080p
For Your Consideration (2006),1080p
For a Few Dollars More (1965),1080p
Forrest Gump (1994),1080p
Four Christmases (2008),1080p
Fracture (2007),1080p
Frankenstein (1931),1080p
Frantic (1988),1080p
Friday Night Lights (2004),1080p
Frosty the Snowman (1969),1080p
Full Metal Jacket (1987),1080p
G.I. Joe: The Rise of Cobra (2009),1080p
Gandhi (1982),1080p
Gangs of New York (2002),1080p
Garfield (2004),1080p
Gattaca (1997),1080p
Gettysburg (1993),1080p
Ghandi (1982),1080p
Ghostbusters (1984),1080p
Gladiator (2000),1080p
Glory (1989),1080p
Glory Road (2006),1080p
Gone with the Wind (1939),1080p
Good Will Hunting (1997),1080p
Goodfellas (1990),1080p
Grave of the Fireflies (1988),1080p
Gremlins (1984),1080p
Grey Gardens (1975),1080p
Grindhouse (2007),1080p
Grizzly Man (2005),1080p
Groundhog Day (1993),1080p
Grumpy Old Men (1993),1080p
Halloween (1978),1080p
Hannah and Her Sisters (1986),1080p
Happy Gilmore (1996),1080p
Hard Boiled (1992),1080p
"Harlan County, USA (1976)",1080p
Harry Potter and the Chamber of Secrets (2002),1080p
Harry Potter and the Goblet of Fire (2005),1080p
Harry Potter and the Half-Blood Prince (2009),1080p
Harry Potter and the Order of Phoenix (2007),1080p
Harry Potter and the Philosopher's Stone (2001),1080p
Harry Potter and the Prisoner of Azkaban (2004),1080p
Heat (1995),1080p
Heaven's Gate (1980),1080p
Hellraiser (1987),1080p
Hercules (1997),1080p
Hidalgo (2004),1080p
High Noon (1952),1080p
High Plains Drifter (1973),1080p
Holiday Inn (1942),1080p
Home Alone (1990),1080p
Home for the Holidays (1995),1080p
Home on the Range (2004),1080p
"Honey, I Shrunk the Kids (1989)",1080p
Hook (1991),1080p
Hoop Dreams (1994),1080p
Hotel Rwanda (2004),1080p
House of Sand and Fog (2003),1080p
House on Haunted Hill (1959),1080p
How the Grinch Stole Christmas (1966),1080p
Howl's Moving Castle (2004),1080p
"I, Robot (2004)",1080p
Ice Age: The Meltdown (2006),1080p
In the Line of Fire (1993),1080p
In the Mood for Love (2000),1080p
Independence Day (1996),1080p
Indiana Jones and the Last Crusade (1989),1080p
Indiana Jones and the Raiders of the Lost Ark (1981),1080p
Insomnia (2002),1080p
Into the Wild (2007),1080p
Invasion of the Body Snatchers (1956),1080p
Invictus (2009),1080p
Iron Man (2008),1080p
It's a Wonderful Life (1946),1080p
It’s a Wonderful Life (1946),1080p
JFK (1991),1080p
Jaws (1975),1080p
Jeremiah Johnson (1972),1080p
Jingle All the Way (1996),1080p
Joyeux Noel (2005),1080p
Jules and Jim (1962),1080p
Jumanji (1995),1080p
Jurassic Park (1993),1080p
Just Friends (2005),1080p
Kelly's Heroes (1970),1080p
Kill Bill: Vol. 1 (2003),1080p
King Kong (1933),1080p
Kingpin (1996),1080p
L.A. Confidential (1997),1080p
La Strada (1954),1080p
Labyrinth (1986),1080p
Lady and the Tramp (1955),1080p
Last Holiday (2006),1080p
Lawrence of Arabia (1962),1080p
Let the Right One In (2008),1080p
Lethal Weapon (1987),1080p
Letters from Iwo Jima (2006),1080p
Lilo & Stitch (2002),1080p
Little Big Man (1970),1080p
Little Children (2006),1080p
Little Giants (1994),1080p
Love Actually (2003),1080p
Madagascar (2005),1080p
Major League (1989),1080p
Malcolm X (1992),1080p
Man on Wire (2008),1080p
Manhattan (1979),1080p
March of the Penguins (2005),1080p
Marie Antoinette (2006),1080p
Mary Poppins (1964),1080p
Mary and Max (2009),1080p
Matilda (1996),1080p
Mean Girls (2004),1080p
Mean Streets (1973),1080p
Meet Me in St. Louis (1944),1080p
Meet the Robinsons (2007),1080p
Memento (2000),1080p
Memphis Belle (1990),1080p
Men in Black (1997),1080p
Midway (1976),1080p
Miller's Crossing (1990),1080p
Million Dollar Baby (2004),1080p
Mind Game (2004),1080p
Minority Report (2002),1080p
Miracle (2004),1080p
Miracle on 34th Street (1947),1080p
"Monsters, Inc. (2001)",1080p
Monty Python and the Holy Grail (1975),1080p
Moon (2009),1080p
Moulin Rouge! (2001),1080p
Mrs. Doubtfire (1993),1080p
Mulan (1998),1080p
Mulholland Drive (2001),1080p
Munich (2005),1080p
Murder on the Orient Express (1974),1080p
My Darling Clementine (1946),1080p
My Girl (1991),1080p
My Left Foot (1989),1080p
My Neighbor Totoro (1988),1080p
Mystic River (2003),1080p
Nanny McPhee (2005),1080p
Nanook of the North (1922),1080p
National Lampoon's Vacation (1983),1080p
National Lampoon’s Christmas Vacation (1989),1080p
National Treasure (2004),1080p
Nevada Smith (1966),1080p
Night of the Living Dead (1968),1080p
No Country for Old Men (2007),1080p
Nobody's Fool (1994),1080p
North by Northwest (1959),1080p
Nosferatu (1922),1080p
Notting Hill (1999),1080p
Oldboy (2003),1080p
Oliver & Company (1988),1080p
On the Waterfront (1954),1080p
Once Upon a Time in the West (1968),1080p
One Flew Over the Cuckoo's Nest (1975),1080p
Open Range (2003),1080p
Ordinary People (1980),1080p
Out of Africa (1985),1080p
Outlander (2008),1080p
Pale Rider (1985),1080p
Pan's Labyrinth (2006),1080p
Paprika (2006),1080p
Paradise Lost: The Child Murders at Robin Hood Hills (1996),1080p
Paris Is Burning (1990),1080p
"Paris, Texas (1984)",1080p
Patton (1970),1080p
Pearl Harbor (2001),1080p
Peeping Tom (1960),1080p
Perfect Blue (1997),1080p
Persepolis (2007),1080p
Persona (1966),1080p
Peter Pan (1953),1080p
Phone Booth (2002),1080p
Pieces of April (2003),1080p
Pinocchio (1940),1080p
Pirates of the Caribbean: The Curse of the Black Pearl (2003),1080p
"Planes, Trains and Automobiles (1987)",1080p
Planet of the Apes (1968),1080p
Platoon (1986),1080p
Pocahontas (1995),1080p
Point Break (1991),1080p
Possession (1981),1080p
Predator (1987),1080p
Predator 2 (1990),1080p
Pride and Prejudice (2005),1080p
Primal Fear (1996),1080p
Psycho (1960),1080p
Public Enemies (2009),1080p
Pulp Fiction (1994),1080p
Raging Bull (1980),1080p
Raiders of the Lost Ark (1981),1080p
Rain Man (1988),1080p
Rambo: First Blood (1982),1080p
Ratatouille (2007),1080p
Rear Window (1954),1080p
Red River (1948),1080p
Redline (2009),1080p
Remember the Titans (2000),1080p
Repulsion (1965),1080p
Reservoir Dogs (1992),1080p
Rio Bravo (1959),1080p
Road House (1989),1080p
Road to Perdition (2002),1080p
Robin Hood (1973),1080p
RoboCop (1987),1080p
Rocky (1976),1080p
Rocky II (1979),1080p
Rocky IV (1985),1080p
Roger & Me (1989),1080p
Romancing the Stone (1984),1080p
Romeo and Juliet (1968),1080p
Rosemary's Baby (1968),1080p
Rudolph the Red-Nosed Reindeer (1964),1080p
Rudy (1993),1080p
Rushmore (1998),1080p
Sahara (1983),1080p
Sahara (2005),1080p
Sands of Iwo Jima (1949),1080p
Santa Baby (2006),1080p
Saving Private Ryan (1998),1080p
Scarface (1983),1080p
Scent of a Woman (1992),1080p
Schindler's List (1993),1080p
Scream (1996),1080p
Scrooged (1988),1080p
Se7en (1995),1080p
Seabiscuit (2003),1080p
Serenity (2005),1080p
Seven (1995),1080p
Seven Years in Tibet (1997),1080p
Shane (1953),1080p
Shaun of the Dead (2004),1080p
She Wore a Yellow Ribbon (1949),1080p
Shrek (2001),1080p
Sinbad: Legend of the Seven Seas (2003),1080p
Singin' in the Rain (1952),1080p
Sita Sings the Blues (2008),1080p
Sleeping Beauty (1959),1080p
Sleepless in Seattle (1993),1080p
Snow White and the Seven Dwarfs (1937),1080p
Snowglobe (2007),1080p
Solaris (1972),1080p
Solaris (2002),1080p
Soldier (1998),1080p
Son in Law (1993),1080p
Soul Food (1997),1080p
Soylent Green (1973),1080p
Speed (1994),1080p
Spellbound (2002),1080p
Spy Kids (2001),1080p
Stagecoach (1939),1080p
Stalingrad (1993),1080p
Star Trek: The Motion Picture (1979),1080p
Star Wars: Episode IV - A New Hope (1977),1080p
Stardust (2007),1080p
Stargate (1994),1080p
Starman (1984),1080p
Stealth (2005),1080p
Steel (1997),1080p
Streetwise (1984),1080p
Stuart Little (1999),1080p
Sunshine (2007),1080p
Sunshine Cleaning (2008),1080p
Superbad (2007),1080p
Supergirl (1984),1080p
Superman II (1980),1080p
Superman III (1983),1080p
Superman IV: The Quest for Peace (1987),1080p
Superman Returns (2006),1080p
Superman: The Movie (1978),1080p
Supersize Me (2004),1080p
Surviving Christmas (2004),1080p
Suspiria (1977),1080p
Swamp Thing (1982),1080p
Sweet November (2001),1080p
Swiss Family Robinson (1960),1080p
Tadpole (2002),1080p
Taken (2008),1080p
Talladega Nights: The Ballad of Ricky Bobby (2006),1080p
Tarzan (1999),1080p
Taxi Driver (1976),1080p
Team America: World Police (2004),1080p
Terminator 2: Judgment Day (1991),1080p
The 10th Kingdom (2000),1080p
The 13th Warrior (1999),1080p
The 39 Steps (1935),1080p
The 40-Year-Old Virgin (2005),1080p
The 400 Blows (1959),1080p
The Abominable Dr. Phibes (1971),1080p
The Abyss (1989),1080p
The Adventures of Baron Munchausen (1988),1080p
The Adventures of Pluto Nash (2002),1080p
The Adventures of Robin Hood (1938),1080p
The Adventures of Tom Sawyer (1938),1080p
The African Queen (1951),1080p
The Alamo (1960),1080p
The Alamo (2004),1080p
The Andromeda Strain (1971),1080p
The Apartment (1960),1080p
The Aristocats (1970),1080p
The Art of War (2000),1080p
The Assassination of Jesse James by the Coward Robert Ford (2007),1080p
The Astronaut's Wife (1999),1080p
The Avengers (1998),1080p
The Aviator (2004),1080p
The Bad News Bears (1976),1080p
The Battle of Algiers (1966),1080p
The Bicycle Thief (1948),1080p
The Big Bus (1976),1080p
The Big Lebowski (1998),1080p
The Big Red One (1980),1080p
The Big Sleep (1946),1080p
The Birds (1963),1080p
The Bishop’s Wife (1947),1080p
The Black Cauldron (1985),1080p
The Black Stallion (1979),1080p
The Blair Witch Project (1999),1080p
The Blind Side (2009),1080p
The Blob (1958),1080p
The Blues Brothers (1980),1080p
The Bonfire of the Vanities (1990),1080p
The Boondock Saints (1999),1080p
The Bourne Identity (2002),1080p
The Bride of Frankenstein (1935),1080p
The Bridge on the River Kwai (1957),1080p
The Bridge to Terabithia (2007),1080p
The Bridges of Madison County (1995),1080p
The Butterfly Effect (2004),1080p
The Cabinet of Dr. Caligari (1920),1080p
The Cat Returns (2002),1080p
The Changeling (1980),1080p
The Christmas Blessing (2005),1080p
The Chronicles of Narnia: Prince Caspian (2008),1080p
"The Chronicles of Narnia: The Lion, The Witch and The Wardrobe (2005)",1080p
"The Chronicles of Narnia: The Lion, the Witch and the Wardrobe (2005)",1080p
The Chronicles of Riddick (2004),1080p
The Color Purple (1985),1080p
The Conversation (1974),1080p
The Core (2003),1080p
The Cove (2009),1080p
The Curious Case of Benjamin Button (2008),1080p
The Curse of Frankenstein (1957),1080p
The Cutting Edge (1992),1080p
The Da Vinci Code (2006),1080p
The Dark Crystal (1982),1080p
The Dark Knight (2008),1080p
The Dark is Rising (2007),1080p
The Day After Tomorrow (2004),1080p
The Day the Earth Stood Still (1951),1080p
The Day the Earth Stood Still (2008),1080p
The Deer Hunter (1978),1080p
The Departed (2006),1080p
The Descent (2005),1080p
The Devil's Backbone (2001),1080p
The Dirty Dozen (1967),1080p
The Divorce (2003),1080p
The Duchess (2008),1080p
The Edge (1997),1080p
The Elephant Man (1980),1080p
The Emperor's New Groove (2000),1080p
The Empire Strikes Back (1980),1080p
The Endless Summer (1966),1080p
The English Patient (1996),1080p
The Evil Dead (1981),1080p
The Exorcist (1973),1080p
The Fall of the Roman Empire (1964),1080p
The Family Man (2000),1080p
The Family Stone (2005),1080p
The Fifth Element (1997),1080p
The Flash (1990),1080p
The Fly (1986),1080p
The Fog of War (2003),1080p
The Fountain (2006),1080p
The Fox and the Hound (1981),1080p
The French Connection (1971),1080p
The Fugitive (1993),1080p
The Game (1997),1080p
The Girl with the Dragon Tattoo (2009),1080p
The Gleaners and I (2000),1080p
The Godfather (1972),1080p
The Godfather: Part II (1974),1080p
The Golden Compass (2007),1080p
The Good Guys and the Bad Guys (1969),1080p
The Good Shepherd (2006),1080p
"The Good, the Bad and the Ugly (1966)",1080p
The Goonies (1985),1080p
The Graduate (1967),1080p
The Great Escape (1963),1080p
The Great Mouse Detective (1986),1080p
The Green Mile (1999),1080p
The Guns of Navarone (1961),1080p
The Hand that Rocks the Cradle (1992),1080p
The Hangover (2009),1080p
The Haunting (1963),1080p
The Hills Have Eyes (1977),1080p
The Hitchhiker's Guide to the Galaxy (2005),1080p
The Holiday (2006),1080p
The Host (2006),1080p
The House of Yes (1997),1080p
The House of the Devil (2009),1080p
The Howling (1981),1080p
The Human Stain (2003),1080p
The Hunchback of Notre Dame (1996),1080p
The Hunt for Red October (1990),1080p
The Hurricane (1999),1080p
The Hurt Locker (2008),1080p
The Hustler (1961),1080p
The Ice Harvest (2005),1080p
The Ice Storm (1997),1080p
The Incredible Hulk (2008),1080p
The Incredibles (2004),1080p
The Indian in the Cupboard (1995),1080p
The Innocents (1961),1080p
The Insider (1999),1080p
The Invisible Man (1933),1080p
The Iron Giant (1999),1080p
The Island (2005),1080p
The Jungle Book (1967),1080p
The Karate Kid (1984),1080p
The Kid (2000),1080p
The Killing (1956),1080p
The Killing Fields (1984),1080p
The King of Comedy (1982),1080p
The King of Kong: A Fistful of Quarters (2007),1080p
The Last Emperor (1987),1080p
The Last Legion (2007),1080p
The Last Samurai (2003),1080p
The Last of the Mohicans (1992),1080p
The Legend of Hell House (1973),1080p
The Legend of Zorro (2005),1080p
The Lion King (1994),1080p
"The Lion, the Witch and the Wardrobe (2005)",1080p
The Little Mermaid (1989),1080p
The Lone Ranger (1956),1080p
The Long Goodbye (1973),1080p
The Long Riders (1980),1080p
The Longest Day (1962),1080p
The Longest Yard (1974),1080p
The Lord of the Rings: The Fellowship of the Ring (2001),1080p
The Lord of the Rings: The Return of the King (2003),1080p
The Lord of the Rings: The Two Towers (2002),1080p
The Machinist (2004),1080p
The Magnificent Seven (1960),1080p
The Maltese Falcon (1941),1080p
The Man Who Knew Too Much (1956),1080p
The Man Who Shot Liberty Valance (1962),1080p
The Manchurian Candidate (1962),1080p
The Many Adventures of Winnie the Pooh (1977),1080p
The Matrix (1999),1080p
The Matrix Reloaded (2003),1080p
The Messenger: The Story of Joan of Arc (1999),1080p
The Mighty (1998),1080p
The Mighty Ducks (1992),1080p
The Mist (2007),1080p
The Mummy (1999),1080p
The Muppet Christmas Carol (1992),1080p
The Muppet Movie (1979),1080p
The Music Man (1962),1080p
The Myth of Fingerprints (1997),1080p
The Naked Gun: From the Files of Police Squad! (1988),1080p
The Name of the Rose (1986),1080p
The Natural (1984),1080p
The NeverEnding Story (1984),1080p
The NeverEnding Story (1995),1080p
The NeverEnding Story II: The Next Chapter (1990),1080p
The NeverEnding Story III (1994),1080p
The New World (2005),1080p
The Nightmare Before Christmas (1993),1080p
The Notebook (2004),1080p
The Omen (1976),1080p
The Orphanage (2007),1080p
The Other Boleyn Girl (2008),1080p
The Others (2001),1080p
The Outlaw Josey Wales (1976),1080p
The Ox-Bow Incident (1943),1080p
The Parent Trap (1998),1080p
The Passion of the Christ (2004),1080p
The Patriot (2000),1080p
The Phantom of the Opera (1925),1080p
The Phantom of the Opera (2004),1080p
The Philadelphia Story (1940),1080p
The Pianist (2002),1080p
The Piano (1993),1080p
The Plague Dogs (1982),1080p
The Polar Express (2004),1080p
The Postman (1997),1080p
The Prestige (2006),1080p
The Pride of the Yankees (1942),1080p
The Prince of Egypt (1998),1080p
The Princess Bride (1987),1080p
The Princess Diaries (2001),1080p
The Princess and the Frog (2009),1080p
The Professional (1994),1080p
The Professionals (1966),1080p
The Pursuit of Happyness (2006),1080p
The Queen (2006),1080p
The Red Shoes (1948),1080p
The Ref (1994),1080p
The Rescuers (1977),1080p
The Right Stuff (1983),1080p
The Ring (2002),1080p
The Road to El Dorado (2000),1080p
The Rock (1996),1080p
The Rookie (2002),1080p
The Running Man (1987),1080p
The Sandlot (1993),1080p
The Santa Clause (1994),1080p
The Searchers (1956),1080p
The Secret Garden (1993),1080p
The Secret in Their Eyes (2009),1080p
The Secret of Kells (2009),1080p
The Secret of NIMH (1982),1080p
The Seventh Seal (1957),1080p
The Shawshank Redemption (1994),1080p
The Shining (1980),1080p
The Shootist (1976),1080p
The Shop Around the Corner (1940),1080p
The Silence of the Lambs (1991),1080p
The Sixth Sense (1999),1080p
The Sons of Katie Elder (1965),1080p
The Sound of Music (1965),1080p
The Spanish Prisoner (1997),1080p
The Spiderwick Chronicles (2008),1080p
The Spirit (2008),1080p
The Stepford Wives (1975),1080p
The Sting (1973),1080p
The Strangers (2008),1080p
The Sword in the Stone (1963),1080p
The Talented Mr. Ripley (1999),1080p
The Ten Commandments (1956),1080p
The Terminator (1984),1080p
The Texas Chain Saw Massacre (1974),1080p
The Thin Blue Line (1988),1080p
The Thin Red Line (1998),1080p
The Thing (1982),1080p
The Third Man (1949),1080p
The Thomas Crown Affair (1968),1080p
The Time Machine (1960),1080p
The Time Machine (2002),1080p
The Time Traveler's Wife (2009),1080p
The Tingler (1959),1080p
The Transporter (2002),1080p
The Treasure of the Sierra Madre (1948),1080p
The Triplets of Belleville (2003),1080p
The Twilight Zone: The Movie (1983),1080p
The Untouchables (1987),1080p
The Usual Suspects (1995),1080p
The Vanishing (1988),1080p
The Village (2004),1080p
The War (1994),1080p
The War Room (1993),1080p
The War at Home (1996),1080p
The War of the Worlds (1953),1080p
The Waterboy (1998),1080p
The Wicker Man (1973),1080p
The Wild Bunch (1969),1080p
The Wind and the Lion (1975),1080p
The Witches (1990),1080p
The Wizard of Oz (1939),1080p
The Wrath of Khan (1982),1080p
The Young Victoria (2009),1080p
There Will Be Blood (2007),1080p
Thirteen Days (2000),1080p
This Is Spinal Tap (1984),1080p
Tideland (2005),1080p
Tin Cup (1996),1080p
Titan A.E. (2000),1080p
Titanic (1997),1080p
To Hell and Back (1955),1080p
Tokyo Godfathers (2003),1080p
Tombstone (1993),1080p
Tootsie (1982),1080p
Top Gun (1986),1080p
Tora! Tora! Tora! (1970),1080p
Total Recall (1990),1080p
Town & Country (2001),1080p
Toy Story (1995),1080p
Toy Story 2 (1999),1080p
Trading Places (1983),1080p
Training Day (2001),1080p
Treasure Planet (2002),1080p
Tron (1982),1080p
True Grit (1969),1080p
True Lies (1994),1080p
Twelve Monkeys (1995),1080p
Uncle Sam (1996),1080p
Unforgiven (1992),1080p
Up (2009),1080p
V for Vendetta (2006),1080p
Vanity Fair (2004),1080p
Vertigo (1958),1080p
WALL-E (2008),1080p
Wallace & Gromit: The Curse of the Were-Rabbit (2005),1080p
Waltz with Bashir (2008),1080p
Wanted (2008),1080p
War of the Worlds (2005),1080p
Watchmen (2009),1080p
Waterloo (1970),1080p
Watership Down (1978),1080p
Waterworld (1995),1080p
When Harry Met Sally... (1989),1080p
Whip It (2009),1080p
White Christmas (1954),1080p
Wild Strawberries (1957),1080p
Wild Wild West (1999),1080p
Willow (1988),1080p
Willy Wonka and the Chocolate Factory (1971),1080p
Winchester '73 (1950),1080p
Windtalkers (2002),1080p
Woodstock (1970),1080p
Yankee Doodle Dandy (1942),1080p
Year One (2009),1080p
Zathura: A Space Adventure (2005),1080p
Zodiac (2007),1080p
Zombieland (2009),1080p
Zulu (1964),1080p
